COPY public."ColorTag" (id, name, "createdAt", "updatedAt") FROM stdin;
cm2mblrjs0000rza90jsilvze	Brown	2024-10-23 20:22:01.913	2024-10-23 20:12:30.315
cm2mblrjt0001rza9che6immo	Black	2024-10-23 20:22:01.913	2024-10-23 20:12:30.514
cm2mblrjt0002rza9ygl9e1vs	Blue	2024-10-23 20:22:01.913	2024-10-23 20:12:30.679
cm2mblrju0003rza9kc0up31s	Green	2024-10-23 20:22:01.913	2024-10-23 20:12:58.886
cm2mblrju0004rza94514jymr	Grey	2024-10-23 20:22:01.913	2024-10-23 20:12:59.086
cm2mblrju0005rza9a52q3dxa	Purple	2024-10-23 20:22:01.913	2024-10-23 20:12:59.286
cm2mblrjv0006rza9taki52xq	Red	2024-10-23 20:22:01.913	2024-10-23 20:13:24.49
cm2mblrjv0007rza97rb4gbuh	Tan	2024-10-23 20:22:01.913	2024-10-23 20:13:30.797
cm2mblrjv0008rza9zrlar9ef	White	2024-10-23 20:22:01.913	2024-10-23 20:13:36.701
cm2mebmob0001tiahntejewdn	Ivory	2024-10-23 21:38:07.884	2024-10-23 21:38:07.884
cm2mebmoi0003tiahocybdf8z	Gold	2024-10-23 21:38:07.89	2024-10-23 21:38:07.89
cm2mebmol0004tiahr0z9rvbg	Navy	2024-10-23 21:38:07.894	2024-10-23 21:38:07.894
cm2mebmon0005tiahf8avp5pv	Burbon	2024-10-23 21:38:07.896	2024-10-23 21:38:07.896
cm2mebmot0007tiaha6xezr9y	Crimson	2024-10-23 21:38:07.901	2024-10-23 21:38:07.901
cm2mebmov0008tiah9tlhwbum	Cinnamon	2024-10-23 21:38:07.904	2024-10-23 21:38:07.904
cm2mebmox0009tiahcm9z5e4z	Royal Blue	2024-10-23 21:38:07.905	2024-10-23 21:38:07.905
cm2mebmoq0006tiahjkauvtal	Pink	2024-10-23 21:38:07.899	2024-10-26 17:43:02.866
cm2qgc1m5000f1g1dhnhm1qa1	Yellow	2024-10-26 17:45:31.181	2024-10-26 17:45:21.395
cm2qge50d000g1g1d6hnfclsq	Orange	2024-10-26 17:47:08.893	2024-10-26 17:46:54.423
\.


COPY public."EmbroideryThread" (id, name, abbreviation, isacord_number, "createdAt", "updatedAt") FROM stdin;
cm2dvxbki0000145djbebncw9	Dark Chocolate	DCS	\N	2024-10-17 22:40:57.81	2024-10-17 22:38:04.874
cm2dvxbki0001145dj5azmbmp	Ivory	IS	\N	2024-10-17 22:40:57.81	2024-10-17 22:38:05.372
cm2dvxbki0002145d6ugzphtp	Black	BS	\N	2024-10-17 22:40:57.81	2024-10-17 22:38:05.856
cm2dvxbki0003145d6ns02rq9	Gold	GS	\N	2024-10-17 22:40:57.81	2024-10-17 22:38:06.475
cm2dvxbki0004145drl0lylfj	Navy	NS	\N	2024-10-17 22:40:57.81	2024-10-17 22:38:06.958
cm2dvxbki0005145d3phoi7xo	Burbon	BuS	\N	2024-10-17 22:40:57.81	2024-10-17 22:38:07.442
cm2dvxbki0006145dt0o9ajvw	Hot Pink	HPS	\N	2024-10-17 22:40:57.81	2024-10-17 22:38:07.942
cm2dvxbki0007145dm0cq0uhw	Crimson	CrS	\N	2024-10-17 22:40:57.81	2024-10-17 22:38:08.41
cm2dvxbki0008145dt5iddlgw	Cinnamon	CiS	\N	2024-10-17 22:40:57.81	2024-10-17 22:38:08.893
cm2dvxbki0009145db6zdbkac	Royal Blue	RBS	\N	2024-10-17 22:40:57.81	2024-10-17 22:38:09.377
cm2qgaof600001g1dz74jp579	Beige	BeS	\N	2024-10-26 17:44:27.426	2024-10-26 17:16:32.01
cm2qgaof600011g1dp0u6h8rj	Orange	OS	\N	2024-10-26 17:44:27.426	2024-10-26 17:33:19.231
cm2qgaof600021g1dm3492c46	Canary Yellow	CYS	\N	2024-10-26 17:44:27.426	2024-10-26 17:33:34.527
cm2qgaof600031g1diekivra8	Baby Blue	BBS	\N	2024-10-26 17:44:27.426	2024-10-26 17:33:55.06
cm2qgaof600041g1d3ydxcw0k	Olive	OlS	\N	2024-10-26 17:44:27.426	2024-10-26 17:34:02.182
cm2qgaof600051g1dpktyh5ln	Forest Green	FGS	\N	2024-10-26 17:44:27.426	2024-10-26 17:34:09.689
cm2qgaof600061g1dlelq43ou	Red	RS	\N	2024-10-26 17:44:27.426	2024-10-26 17:34:28.454
cm2qgaof600071g1dor51myoe	Teal	TS	\N	2024-10-26 17:44:27.426	2024-10-26 17:34:46.836
cm2qgaof700081g1dvacvsfuy	Bubblegum	BubS	\N	2024-10-26 17:44:27.426	2024-10-26 17:35:34.478
cm2qgaof700091g1dkc931kol	White	WS	\N	2024-10-26 17:44:27.426	2024-10-26 17:36:46.436
cm2qgaof7000a1g1dvndqvxgt	Silver	SS	\N	2024-10-26 17:44:27.426	2024-10-26 17:36:56.077
cm2qgaof7000b1g1d58lej3q9	Charcol	ChS	\N	2024-10-26 17:44:27.426	2024-10-26 17:37:09.506
cm2qgaof7000c1g1dp877zci4	Pumpkin	PuS	\N	2024-10-26 17:44:27.426	2024-10-26 17:38:11.49
cm2qgaof7000d1g1d381xj9o3	Plum	PlS	\N	2024-10-26 17:44:27.426	2024-10-26 17:38:20.048
cm2qgaof7000e1g1dlkcw80ui	Purple	PS	\N	2024-10-26 17:44:27.426	2024-10-26 17:38:28.154
\.

COPY public."StitchingThread" (id, name, abbreviation, amann_number, "createdAt", "updatedAt") FROM stdin;
cm2dvxbki0000145djbebncw9	Dark Chocolate	DCS	\N	2024-10-17 22:40:57.81	2024-10-17 22:38:04.874
cm2dvxbki0001145dj5azmbmp	Ivory	IS	\N	2024-10-17 22:40:57.81	2024-10-17 22:38:05.372
cm2dvxbki0002145d6ugzphtp	Black	BS	\N	2024-10-17 22:40:57.81	2024-10-17 22:38:05.856
cm2dvxbki0003145d6ns02rq9	Gold	GS	\N	2024-10-17 22:40:57.81	2024-10-17 22:38:06.475
cm2dvxbki0004145drl0lylfj	Navy	NS	\N	2024-10-17 22:40:57.81	2024-10-17 22:38:06.958
cm2dvxbki0005145d3phoi7xo	Burbon	BuS	\N	2024-10-17 22:40:57.81	2024-10-17 22:38:07.442
cm2dvxbki0006145dt0o9ajvw	Hot Pink	HPS	\N	2024-10-17 22:40:57.81	2024-10-17 22:38:07.942
cm2dvxbki0007145dm0cq0uhw	Crimson	CrS	\N	2024-10-17 22:40:57.81	2024-10-17 22:38:08.41
cm2dvxbki0008145dt5iddlgw	Cinnamon	CiS	\N	2024-10-17 22:40:57.81	2024-10-17 22:38:08.893
cm2dvxbki0009145db6zdbkac	Royal Blue	RBS	\N	2024-10-17 22:40:57.81	2024-10-17 22:38:09.377
cm2qgaof600001g1dz74jp579	Beige	BeS	\N	2024-10-26 17:44:27.426	2024-10-26 17:16:32.01
cm2qgaof600011g1dp0u6h8rj	Orange	OS	\N	2024-10-26 17:44:27.426	2024-10-26 17:33:19.231
cm2qgaof600021g1dm3492c46	Canary Yellow	CYS	\N	2024-10-26 17:44:27.426	2024-10-26 17:33:34.527
cm2qgaof600031g1diekivra8	Baby Blue	BBS	\N	2024-10-26 17:44:27.426	2024-10-26 17:33:55.06
cm2qgaof600041g1d3ydxcw0k	Olive	OlS	\N	2024-10-26 17:44:27.426	2024-10-26 17:34:02.182
cm2qgaof600051g1dpktyh5ln	Forest Green	FGS	\N	2024-10-26 17:44:27.426	2024-10-26 17:34:09.689
cm2qgaof600061g1dlelq43ou	Red	RS	\N	2024-10-26 17:44:27.426	2024-10-26 17:34:28.454
cm2qgaof600071g1dor51myoe	Teal	TS	\N	2024-10-26 17:44:27.426	2024-10-26 17:34:46.836
cm2qgaof700081g1dvacvsfuy	Bubblegum	BubS	\N	2024-10-26 17:44:27.426	2024-10-26 17:35:34.478
cm2qgaof700091g1dkc931kol	White	WS	\N	2024-10-26 17:44:27.426	2024-10-26 17:36:46.436
cm2qgaof7000a1g1dvndqvxgt	Silver	SS	\N	2024-10-26 17:44:27.426	2024-10-26 17:36:56.077
cm2qgaof7000b1g1d58lej3q9	Charcol	ChS	\N	2024-10-26 17:44:27.426	2024-10-26 17:37:09.506
cm2qgaof7000c1g1dp877zci4	Pumpkin	PuS	\N	2024-10-26 17:44:27.426	2024-10-26 17:38:11.49
cm2qgaof7000d1g1d381xj9o3	Plum	PlS	\N	2024-10-26 17:44:27.426	2024-10-26 17:38:20.048
cm2qgaof7000e1g1dlkcw80ui	Purple	PS	\N	2024-10-26 17:44:27.426	2024-10-26 17:38:28.154
\.

COPY public."Font" (id, name, image_url, "createdAt", "updatedAt") FROM stdin;
cm2dw0v4h000b145d70dzv395	Gothic	https://drive.google.com/thumbnail?id=1SN3l-VTGEtTLdWUh5UWSoLdSJ5XEfsQa	2024-10-17 22:43:43.122	2024-10-17 23:30:56.271
cm2dw0v4h000a145doemuo7c1	Block	https://drive.google.com/thumbnail?id=1T7LRXF-pqm7Wg0PlD6C3lPrabQbegguL	2024-10-17 22:43:43.122	2024-10-17 23:35:23.129
cm2dw0v4h000c145dyla794mf	Los Angeles	https://drive.google.com/thumbnail?id=15hhiO0rMsExIACZYmEtvGz1n43mDNuzM	2024-10-17 22:43:43.122	2024-10-17 23:35:23.129
cm2dw0v4h000d145d7gnug20z	San Diego	https://drive.google.com/thumbnail?id=165en1xBa3Nei-_2BYr7CUv9RIM0ewlxm	2024-10-17 22:43:43.122	2024-10-17 23:35:23.129
cm2dw0v4h000e145d6aof3d2i	Serif	https://drive.google.com/thumbnail?id=1zCfxQzXeBb_gBNQhTaz3KoIlsJRugDg-	2024-10-17 22:43:43.122	2024-10-17 23:35:23.129
cm2dw0v4h000f145dz3h6i58o	Saipan	https://drive.google.com/thumbnail?id=1HkKc8sRiQef72wURoBHyW65NCE5Krs0V	2024-10-17 22:43:43.122	2024-10-17 23:35:23.129
cm2dw0v4h000g145d0v6tpp72	Calgary	https://drive.google.com/thumbnail?id=1ILWYdrgj8kh4rRXNdxcZoP0g-7iHmLGm	2024-10-17 22:43:43.122	2024-10-17 23:35:23.129
\.

COPY public."LeatherColor" (id, name, abbreviation, image_url, "createdAt", "updatedAt") FROM stdin;
cm2cns61i000113hyzw654kd9	Baby Blue	BB		2024-10-17 02:05:14.262	2024-10-17 02:00:53.044
cm2cns61i000313hyqmcgyq0e	Candy Blue	CB		2024-10-17 02:05:14.262	2024-10-17 02:01:47.703
cm2cns61i000413hy33aa3pud	Dark Chocolate	DC		2024-10-17 02:05:14.262	2024-10-17 02:01:48.123
cm2cns61i000613hyeqj54zrz	Hot Pink	HP		2024-10-17 02:05:14.262	2024-10-17 02:01:48.702
cm2cns61i000713hyrwhg9dif	Light Royal	LR		2024-10-17 02:05:14.262	2024-10-17 02:01:48.903
cm2cns61i000913hyhjn0hu9g	Pebbled Black	PB		2024-10-17 02:05:14.262	2024-10-17 02:01:49.253
cm2cns61i000a13hy1flrgnqb	Powder Blue	PoBu		2024-10-17 02:05:14.262	2024-10-17 02:01:49.456
cm2cns61i000b13hy49artt54	Pebbled Crimson	PC		2024-10-17 02:05:14.262	2024-10-17 02:01:49.623
cm2cns61i000c13hy246fbglj	Pebbled Charcoal	PeCh		2024-10-17 02:05:14.262	2024-10-17 02:01:49.823
cm2cns61i000d13hyl60ce9kw	Pebbled Marshmallow	PM		2024-10-17 02:05:14.262	2024-10-17 02:01:49.99
cm2cns61i000e13hy950a9gtu	Pebbled Royal	PR		2024-10-17 02:05:14.262	2024-10-17 02:01:50.157
cm2cns61i000g13hy1kz542ba	Pebbled Teal	PT		2024-10-17 02:05:14.262	2024-10-17 02:04:00.547
cm2cns61i000h13hyt01sr3py	Pebbled White	PW		2024-10-17 02:05:14.262	2024-10-17 02:04:00.983
cm2cns61i000i13hyqtgjyuaz	Rustic Walnut	RW		2024-10-17 02:05:14.262	2024-10-17 02:04:01.416
cm2cns61j000j13hy64e5qirc	Smooth Grey	SG		2024-10-17 02:05:14.262	2024-10-17 02:04:01.9
cm2cns61j000k13hyw9zokpoo	Smooth Marshmallow	SM		2024-10-17 02:05:14.262	2024-10-17 02:04:02.515
cm2cns61j000l13hy976waddm	Shiny Navy	SN		2024-10-17 02:05:14.262	2024-10-17 02:04:03.132
cm2cns61j000m13hyebmzwi47	Smooth White	SW		2024-10-17 02:05:14.262	2024-10-17 02:04:04.219
cm2cns61i000013hyeks31jrt	Butterscotch	B	https://drive.google.com/thumbnail?id=1T7LRXF-pqm7Wg0PlD6C3lPrabQbegguL	2024-10-17 02:05:14.262	2024-10-18 00:22:19.073
cm2cns61i000213hyi8jex0hf	British Racing Green	BRG	https://drive.google.com/thumbnail?id=1T7LRXF-pqm7Wg0PlD6C3lPrabQbegguL	2024-10-17 02:05:14.262	2024-10-18 00:22:19.073
cm2cns61i000813hyspmia8eq	Rustic Olive	O		2024-10-17 02:05:14.262	2024-10-26 18:02:27.649
cm2qgxtxc000j1g1dovq0j7ei	Rustic Ostrich	RO	\N	2024-10-26 18:02:27.649	2024-10-26 18:02:57.96
cm2qgxtxc000i1g1dbi0p3ux9	Shiny Black Ostrich	BSO	\N	2024-10-26 18:02:27.649	2024-10-26 18:02:57.96
cm2qgxtxd000k1g1dhkhrkj2g	Silver Croc	SC	\N	2024-10-26 18:02:27.649	2024-10-26 18:02:57.96
cm2qgxtxd000l1g1dy5o1gbu5	White Ostrich	WO	\N	2024-10-26 18:02:27.649	2024-10-26 18:02:57.96
cm2qgxtxc000h1g1d0oojrfn1	Antique Ostrich	AO	\N	2024-10-26 18:02:27.649	2024-10-26 18:03:25.063
\.

COPY public."Shape" (id, name, "createdAt", "updatedAt", abbreviation) FROM stdin;
cm2duhfg000006y58dqulghkm	Driver	2024-10-17 22:00:36.721	2024-10-19 16:47:41.294	Driver
cm2duhfg300016y58sr14qoxd	3-Wood	2024-10-17 22:00:36.721	2024-10-19 16:47:41.294	3Wood
cm2duhfg300026y58r1rnkvbc	5-Wood	2024-10-17 22:00:36.721	2024-10-19 16:47:41.294	5Wood
cm2duhfg300036y583y11e4k3	7-Wood	2024-10-17 22:00:36.721	2024-10-19 16:47:41.294	7Wood
cm2duhfg300046y58o8dsmwzo	Fairway	2024-10-17 22:00:36.721	2024-10-19 16:47:41.294	Fairway
cm2duhfg300056y58ddfbtcxj	Hybrid	2024-10-17 22:00:36.721	2024-10-19 16:47:41.294	Hybrid
cm2duhfg300066y583ii779yr	Mallet	2024-10-17 22:00:36.721	2024-10-19 16:47:41.294	Mallet
cm2duhfg300076y585owscoo4	Blade	2024-10-17 22:00:36.721	2024-10-19 16:47:41.294	Blade
\.


COPY public."ShopifyCollections" (id, "shopifyId", title, handle, "createdAt", "updatedAt", admin_graphql_api_id) FROM stdin;
cm2nk5qi8000113g4uutiklwy	430414692631	Classic	classic	2024-10-24 17:09:16.784	2024-10-24 17:03:34.114	gid://shopify/Collection/430414692631
cm2nk5qi9000213g42b33wihd	430415872279	Argyle	argyle	2024-10-24 17:09:16.784	2024-10-24 17:03:34.564	gid://shopify/Collection/430415872279
cm2nk5qi9000313g4112ddfgp	465904730391	One-Off Creations	one-off-creations	2024-10-24 17:09:16.784	2024-10-24 17:03:35.028	gid://shopify/Collection/465904730391
cm2nk5qi9000413g415csqbkq	470240231703	Quilted Classic	classic-quilted	2024-10-24 17:09:16.784	2024-10-24 17:03:35.464	gid://shopify/Collection/470240231703
cm2nk5qi9000513g4daix79qn	430259470615	Animal Print	animal-print	2024-10-24 17:09:16.784	2024-10-24 17:03:35.982	gid://shopify/Collection/430259470615
cm2nkaznh000613g4b2ocmg9n	430259437847	Quilted	quilted	2024-10-24 17:13:21.917	2024-10-24 17:12:36.697	gid://shopify/Collection/430259437847
\.

COPY public."ProductPrice" (id, "shopifyPrice", "higherPrice", "shapeId", "createdAt", "updatedAt", "shopifyCollectionId") FROM stdin;
cm2kyjtlb000bol0jm8uzfx45	140.00	155.00	cm2duhfg300046y58o8dsmwzo	2024-10-22 21:28:50.059	2024-10-24 18:02:09.817	cm2nk5qi9000213g42b33wihd
cm2kyjtlb000col0ja8b1oy0v	135.00	150.00	cm2duhfg300056y58ddfbtcxj	2024-10-22 21:28:50.059	2024-10-24 18:02:09.817	cm2nk5qi9000213g42b33wihd
cm2kyjtlb000dol0j1kyhwc4a	150.00	165.00	cm2duhfg300066y583ii779yr	2024-10-22 21:28:50.059	2024-10-24 18:02:09.817	cm2nk5qi9000213g42b33wihd
cm2kyjtlb000eol0jdgcxko62	150.00	165.00	cm2duhfg300076y585owscoo4	2024-10-22 21:28:50.059	2024-10-24 18:02:09.817	cm2nk5qi9000213g42b33wihd
cm2kyjtlb000fol0jprtrx9it	160.00	175.00	cm2duhfg000006y58dqulghkm	2024-10-22 21:28:50.059	2024-10-24 18:02:09.817	cm2nkaznh000613g4b2ocmg9n
cm2kyjtl70000ol0je30h175b	140.00	155.00	cm2duhfg000006y58dqulghkm	2024-10-22 21:28:50.059	2024-10-24 18:02:09.817	cm2nk5qi8000113g4uutiklwy
cm2kyjtl90001ol0jfgnjy6wp	130.00	145.00	cm2duhfg300046y58o8dsmwzo	2024-10-22 21:28:50.059	2024-10-24 18:02:09.817	cm2nk5qi8000113g4uutiklwy
cm2kyjtl90002ol0j53txpoum	125.00	140.00	cm2duhfg300056y58ddfbtcxj	2024-10-22 21:28:50.059	2024-10-24 18:02:09.817	cm2nk5qi8000113g4uutiklwy
cm2kyjtl90003ol0ji92ocley	150.00	165.00	cm2duhfg300066y583ii779yr	2024-10-22 21:28:50.059	2024-10-24 18:02:09.817	cm2nk5qi8000113g4uutiklwy
cm2kyjtl90004ol0jhm1ppuul	150.00	165.00	cm2duhfg300076y585owscoo4	2024-10-22 21:28:50.059	2024-10-24 18:02:09.817	cm2nk5qi8000113g4uutiklwy
cm2kyjtla0005ol0javeroagp	145.00	160.00	cm2duhfg000006y58dqulghkm	2024-10-22 21:28:50.059	2024-10-24 18:02:09.817	cm2nk5qi9000513g4daix79qn
cm2kyjtla0006ol0jb32ak0js	135.00	150.00	cm2duhfg300046y58o8dsmwzo	2024-10-22 21:28:50.059	2024-10-24 18:02:09.817	cm2nk5qi9000513g4daix79qn
cm2kyjtla0007ol0jut6mx23b	130.00	145.00	cm2duhfg300056y58ddfbtcxj	2024-10-22 21:28:50.059	2024-10-24 18:02:09.817	cm2nk5qi9000513g4daix79qn
cm2kyjtla0008ol0jshg3vqyo	150.00	165.00	cm2duhfg300066y583ii779yr	2024-10-22 21:28:50.059	2024-10-24 18:02:09.817	cm2nk5qi9000513g4daix79qn
cm2kyjtla0009ol0jsyakarza	150.00	165.00	cm2duhfg300076y585owscoo4	2024-10-22 21:28:50.059	2024-10-24 18:02:09.817	cm2nk5qi9000513g4daix79qn
cm2kyjtlb000aol0jppzv7bqq	150.00	165.00	cm2duhfg000006y58dqulghkm	2024-10-22 21:28:50.059	2024-10-24 18:02:09.817	cm2nk5qi9000513g4daix79qn
cm2kyjtlc000gol0jx1g84lno	150.00	165.00	cm2duhfg300046y58o8dsmwzo	2024-10-22 21:28:50.059	2024-10-24 18:02:09.817	cm2nkaznh000613g4b2ocmg9n
cm2kyjtld000hol0jeejmmpw3	145.00	160.00	cm2duhfg300056y58ddfbtcxj	2024-10-22 21:28:50.059	2024-10-24 18:02:09.817	cm2nkaznh000613g4b2ocmg9n
cm2kyjtld000iol0j7dq8cqi5	160.00	175.00	cm2duhfg300066y583ii779yr	2024-10-22 21:28:50.059	2024-10-24 18:02:09.817	cm2nkaznh000613g4b2ocmg9n
cm2kyjtld000jol0j1060r0rg	160.00	175.00	cm2duhfg300076y585owscoo4	2024-10-22 21:28:50.059	2024-10-24 18:02:09.817	cm2nkaznh000613g4b2ocmg9n
cm2kyjtle000kol0j9odbhbpr	170.00	185.00	cm2duhfg000006y58dqulghkm	2024-10-22 21:28:50.059	2024-10-24 18:02:09.817	cm2nk5qi9000413g415csqbkq
cm2kyjtle000lol0jvkp60h1i	160.00	175.00	cm2duhfg300046y58o8dsmwzo	2024-10-22 21:28:50.059	2024-10-24 18:02:09.817	cm2nk5qi9000413g415csqbkq
cm2kyjtle000mol0j1px8krkx	155.00	170.00	cm2duhfg300056y58ddfbtcxj	2024-10-22 21:28:50.059	2024-10-24 18:02:09.817	cm2nk5qi9000413g415csqbkq
cm2kyjtle000nol0jskq9q10b	170.00	185.00	cm2duhfg300066y583ii779yr	2024-10-22 21:28:50.059	2024-10-24 18:02:09.817	cm2nk5qi9000413g415csqbkq
cm2kyjtle000ool0jkyfs6p07	170.00	185.00	cm2duhfg300076y585owscoo4	2024-10-22 21:28:50.059	2024-10-24 18:02:09.817	cm2nk5qi9000413g415csqbkq
\.

COPY public."Session" (id, shop, state, "isOnline", scope, expires, "accessToken", "userId", "firstName", "lastName", email, "accountOwner", locale, collaborator, "emailVerified") FROM stdin;
offline_lpc-product-creation.myshopify.com	lpc-product-creation.myshopify.com		f	read_orders,write_products	\N	shpua_108e6399798f3be3d4bd3a56e20f07a9	\N	\N	\N	\N	f	\N	f	f
\.

COPY public."Style" (id, name, abbreviation, image_url, "createdAt", "updatedAt") FROM stdin;
cm2duk0zo00086y581yq5luh2	Teardrop	Tear	\N	2024-10-17 22:02:37.956	2024-10-17 22:01:04.028
cm2duk0zp00096y58txlhef0r	2 Stripe	2	\N	2024-10-23 22:11:25.716	2024-10-23 22:09:06.53
cm2duk0zp000a6y58as5sriok	3 Stripe	3	\N	2024-10-23 22:11:25.716	2024-10-23 22:09:07.063
cm2duk0zp000b6y58ni0lmpzy	Racing Stripe	Racing	\N	2024-10-23 22:11:25.716	2024-10-23 22:09:07.677
cm2duk0zp000c6y58p4822b5n	50/50	50	\N	2024-10-23 22:11:25.716	2024-10-23 22:09:08.347
cm2duk0zp000d6y58z7vvtz3o	Fat Stripe	Fat	\N	2024-10-23 22:11:25.716	2024-10-23 22:09:09.398
cm2duk0zp000e6y58p91axp5o	Fat Middle	Middle	\N	2024-10-23 22:11:25.716	2024-10-23 22:09:10.266
cm2mfig7o0000j10yb8ocpijj	Quilted Bottom	QBottom	\N	2024-10-23 22:11:25.716	2024-10-23 22:10:16.853
\.


